N (x10^5);a (mm);Torque (Nm);n (rpm);Temp (ºC)
0,12984350620605767;0,08414418;0,5;1000;22
0,054065618152819184; 0,023977640265798073;0,5;1000;22
0,3066585783302429; 0,1467478938449105;0,5;1000;22
0,49309623941358893; 0,22069584510890117;0,5;1000;22
0,671515076;0,287919559;0,5;1000;22
0,7697456719888578; 0,34931001667412076;0,5;1000;22
0,980239805; 0,4106791515067183;0,5;1000;22
1,2244130003082319; 0,4704043131638649;0,5;1000;22
1,4433268991286639; 0,5211276022484324;0,5;1000;22
1,6959198593060876;0,572253889;0,5;1000;22
1,9148337581265196;0,616836266;0,5;1000;22
2,201105779660935; 0,6691843381721192;0,5;1000;22
2,411599913142126; 0,7143824061271342;0,5;1000;22
2,7904893534082618;0,771420919;0,5;1000;22
3,211477620370644; 0,8221058274029289;0,5;1000;22
3,674564714029259; 0,8625478873581471;0,5;1000;22
4,179750634384106; 0,9047559924269439;0,5;1000;22
4,684936554738954; 0,9496933914835175;0,5;1000;22
5,1901224750938155; 0,9919014965523107;0,5;1000;22
5,695308395448663; 1,0211454551791626;0,5;1000;22
6,200494316; 1,040154561351848;0,5;1000;22
6,705680236158358; 1,0543874030459222;0,5;1000;22
7,2108661565132195; 1,063843980261387;0,5;1000;22
7,716052076868067; 1,0753475279676827;0,5;1000;22
8,221237997222914;1,085486429;0,5;1000;22
8,726423917577762; 1,0969899763863893;0,5;1000;22
9,231609837932623; 1,1119051415774077;0,5;1000;22
9,736795758287471; 1,1254556597745378;0,5;1000;22
10,241981678642318; 1,1376415309777794;0,5;1000;22
10,747167598997166; 1,1464157846962983;0,5;1000;22
11,252353519352027; 1,1606486263903726;0,5;1000;22
11,757539439706875;1,172152174;0,5;1000;22
12,262725360061722; 1,1795617808213006;0,5;1000;22
12,767911280416584; 1,1903830050306539;0,5;1000;22
13,273097200771431; 1,1943809942705634;0,5;1000;22
13,778283121126279; 1,197014336516581;0,5;1000;22
14,283469041481126; 1,2037416197442692;0,5;1000;22
14,788654961835988; 1,212515873462788;0,5;1000;22
15,293840882190835; 1,2144668922118633;0,5;1000;22
15,799026802545683; 1,2150532639670484;0,5;1000;22
16,30421272290053; 1,2183689297100138;0,5;1000;22
16,809398643255392; 1,2182729779682564;0,5;1000;22
17,31458456361024; 1,2209063202142758;0,5;1000;22
17,819770483965087; 1,2296805739327947;0,5;1000;22
18,28285758; 1,2671204105014588;0,5;1000;22
18,56912959915813; 1,3251999997874595;0,5;1000;22
18,745944671282317; 1,3857567432065068;0,5;1000;22
18,87224115137103; 1,4440714142598132;0,5;1000;22
19,08273528485222; 1,682503496549483;0,5;1000;22
19,08273528485222; 1,6343996900149023;0,5;1000;22
19,040636458155987; 1,587668526452692;0,5;1000;22
19,061685871504096; 1,5289847077262344;0,5;1000;22
18,99853763145974; 1,492151232858955;0,5;1000;22
0,216175602;0,102675369;0,5;1000;34
0,605740151;0,213283875;0,5;1000;34
1,001417766;0,31841683;0,5;1000;34
1,380695345;0,390257485;0,5;1000;34
1,816361658;0,466011794;0,5;1000;34
2,229389542;0,545109393;0,5;1000;34
2,56642333;0,596182353;0,5;1000;34
2,998083877;0,655717899;0,5;1000;34
3,697011328;0,737969182;0,5;1000;34
4,717850711;0,833632584;0,5;1000;34
5,827107832;0,883377554;0,5;1000;34
6,730048303;0,911074386;0,5;1000;34
7,696644044;0,948155343;0,5;1000;34
8,609647027;0,973276305;0,5;1000;34
9,464583015;0,986181546;0,5;1000;34
10,42490756;0,998993609;0,5;1000;34
11,37928538;1,015803035;0,5;1000;34
12,30421962;1,033329937;0,5;1000;34
13,2543033;1,049310074;0,5;1000;34
14,18338663;1,066128818;0,5;1000;34
15,07824879;1,077710923;0,5;1000;34
16,03996955;1,082978622;0,5;1000;34
16,96870859;1,09614787;0,5;1000;34
17,74249481;1,126674967;0,5;1000;34
18,51457902;1,164517027;0,5;1000;34
19,17192044;1,212186335;0,5;1000;34
19,64200228;1,279321544;0,5;1000;34
19,82379417;1,378360139;0,5;1000;34
20,0603155;1,474220844;0,5;1000;34
20,14588057;1,57745545;0,5;1000;34
20,23144564;1,680690055;0,5;1000;34
0,057567177846607365; 0,028936365009249343;0,5;1000;50
0,2906102566513482;0,087927568;0,5;1000;50
0,6482883047660692; 0,15032256517394949;0,5;1000;50
0,9515232415330672; 0,23641962757743862;0,5;1000;50
1,4391229570317137; 0,3402827504768844;0,5;1000;50
1,684694823590931; 0,3976313852078359;0,5;1000;50
2,025738162086924; 0,45097897356708394;0,5;1000;50
2,3017372441874357; 0,5082398912674133;0,5;1000;50
2,681973633236609; 0,5548420964665279;0,5;1000;50
3,3881466038935315;0,641850239;0,5;1000;50
3,834952007428356; 0,6852135009627371;0,5;1000;50
4,404146948860017; 0,7259429252429843;0,5;1000;50
5,303645475033889; 0,7866705502109852;0,5;1000;50
6,3376822352894635; 0,8236107039694804;0,5;1000;50
7,395265647831863; 0,8370491343446282;0,5;1000;50
8,147422374; 0,8404656844400051;0,5;1000;50
9,160397246163939; 0,8527652647833612;0,5;1000;50
10,023731521208191; 0,8677980852030167;0,5;1000;50
10,962636211912667; 0,8894155294428554;0,5;1000;50
11,892312896527656; 0,9125238319061282;0,5;1000;50
12,805185780553458; 0,9362657491143622;0,5;1000;50
13,67888144211338; 0,9533094533044402;0,5;1000;50
14,680811617253099; 0,9762166082296311;0,5;1000;50
15,38832351;0,980169517;0,5;1000;50
16,162176168040887; 0,9880606485602712;0,5;1000;50
16,790056422172583; 0,9899739166136818;0,5;1000;50
17,99959251178707; 1,0003602289036255;0,5;1000;50
18,902253251394015; 1,0350226825985374;0,5;1000;50
19,720663506530656; 1,1076399018984482;0,5;1000;50
20,309051449842897; 1,1998867544736136;0,5;1000;50
20,641330643710006; 1,2959297738214186;0,5;1000;50
20,87594091283802; 1,3994132800436017;0,5;1000;50
20,999366471000542; 1,5160315232991213;0,5;1000;50
21,068556982366047; 1,6536046071396129;0,5;1000;50
0,8599854842607186; 0,15988890544100443;0,5;1000;65
1,0754859931068381;0,209770537;0,5;1000;65
1,3762068647093173; 0,2692185084930525;0,5;1000;65
1,847110608987137; 0,34506592061041097;0,5;1000;65
2,27276118; 0,38811445181215554;0,5;1000;65
2,888610450797543; 0,43628780815696366;0,5;1000;65
3,4784810479247597; 0,5070103951312568;0,5;1000;65
4,100551018120655; 0,5466423762376245;0,5;1000;65
4,396952854696906; 0,5603085766191302;0,5;1000;65
5,286931922937811; 0,6095068979925529;0,5;1000;65
5,936978925990218; 0,6477722590607708;0,5;1000;65
8,967136544542441; 0,7407024216550102;0,5;1000;65
9,768156383884858; 0,7407024216550102;0,5;1000;65
11,286651743256357; 0,7489021418839137;0,5;1000;65
13,286042644354438; 0,7899007430284328;0,5;1000;65
13,862214809495484; 0,7899007430284328;0,5;1000;65
15,12859455711191; 0,8069834935053137;0,5;1000;65
16,058347425519756; 0,8308993441729502;0,5;1000;65
16,395618936821833; 0,8308993441729502;0,5;1000;65
18,04368534698024; 0,8718979453174693;0,5;1000;65
19,77806799445392; 0,9340791570533202;0,5;1000;65
20,328680497088982; 0,9610699028067948;0,5;1000;65
20,881484748841828; 1,0112931892088302;0,5;1000;65
21,79080277988676; 1,2654845163048432;0,5;1000;65
21,97955105685398; 1,478677242256337;0,5;1000;65
22,068897065008542; 1,5319754237442105;0,5;1000;65
22,25145687387848; 1,6795703878644748;0,5;1000;65
0,5960010375328295; 0,11004926945293825;0,5;1000;65
0,2871320017438137;0,051058066;0,5;1000;65
3,208170473090746; 0,4713703892475536;0,5;1000;65
4,887471942448087;0,589352796;0,5;1000;65
6,487469199913676; 0,6704657001547911;0,5;1000;65
7,096859459713585; 0,6999613017706796;0,5;1000;65
7,856510331518976; 0,7147091025786221;0,5;1000;65
8,464509289355917; 0,7294569033865663;0,5;1000;65
10,43737547290911; 0,7442047041945088;0,5;1000;65
10,892331214814533; 0,7442047041945088;0,5;1000;65
11,803634000588417;0,758952505;0,5;1000;65
12,335807001441083; 0,7737003058103973;0,5;1000;65
12,792154045309516; 0,7884481066183415;0,5;1000;65
14,461020749944268; 0,7958220070223128;0,5;1000;65
15,67632301463658; 0,8179437082342265;0,5;1000;65
16,96745123631314; 0,8400654094461419;0,5;1000;65
17,498928586184334; 0,8474393098501132;0,5;1000;65
18,56327458788968; 0,8769349114660017;0,5;1000;65
19,019621631758127; 0,8916827122739459;0,5;1000;65
19,40014271864233; 0,9064305130818884;0,5;1000;65
21,310400313859915; 1,061282421565295;0,5;1000;65
21,542747741683172; 1,1128997243930971;0,5;1000;65
21,624834557500975; 1,1792648280288436;0,5;1000;65
21,95109486782765; 1,422603541359912;0,5;1000;65
21,865529797102326; 1,3193689357043077;0,5;1000;65
0,20169301607329615;0,067739475;1;1000;22
0,403668515; 0,14675944670954166;1;1000;22
0,7059255562565383; 0,23704108247568279;1;1000;22
1,007617630719114; 0,3047240609787103;1;1000;22
1,3091684635737941; 0,3667573751659585;1;1000;22
1,7108595964256494; 0,43440268924021463;1;1000;22
2,1304230251495966; 0,46830955778346883;1;1000;22
2,5916881521154878; 0,5043226902753553;1;1000;22
3,196981307755099; 0,5368890561406356;1;1000;22
3,5737282793166436; 0,5548405887112202;1;1000;22
3,9746071405802077; 0,5773063904331841;1;1000;22
4,776157544467285; 0,6139452482750438;1;1000;22
5,2568352350016525;0,625826491;1;1000;22
5,737720244176067; 0,6460004794568528;1;1000;22
6,378711784917662; 0,6653602710078599;1;1000;22
6,816884963418428; 0,6754173689513281;1;1000;22
7,339954083091822; 0,6845994408046558;1;1000;22
7,820612926477089; 0,6957267976307024;1;1000;22
8,301347158; 0,7098696983120458;1;1000;22
8,781892918949435; 0,7164737393551466;1;1000;22
9,182357142932897; 0,7223540498729761;1;1000;22
9,667988060376082; 0,7195412472575593;1;1000;22
10,183234995655116; 0,7257465367101856;1;1000;22
10,623655175721257; 0,7285962256534413;1;1000;22
11,264156690586372; 0,7283549821450173;1;1000;22
11,744627062480685; 0,7319434793328212;1;1000;22
12,225097434374998; 0,7355319765206243;1;1000;22
12,70543587622564; 0,7338432719616583;1;1000;22
13,186075872461817; 0,7442167428238804;1;1000;22
13,666489702908837; 0,7455435821202112;1;1000;22
14,14709200484683; 0,7544092810547847;1;1000;22
14,627468140995664; 0,7542283484234669;1;1000;22
15,027979482851858; 0,7619933738508573;1;1000;22
15,709151260750385; 0,7872937867968002;1;1000;22
16,390581244591512;0,822922437;1;1000;22
16,858103625057144; 0,8423475657816746;1;1000;22
17,352728205922265; 0,8783481335074974;1;1000;22
17,82637967927378; 0,9294344619600863;1;1000;22
18,27611035099316; 0,9844500440561275;1;1000;22
18,597507015090724; 1,0301656889024318;1;1000;22
18,918963990065404; 1,0782937688329741;1;1000;22
19,16016980419099; 1,1189131445638267;1;1000;22
19,36209815960132; 1,1897030365669274;1;1000;22
19,523674768797964; 1,2476919449042914;1;1000;22
19,725584277059195; 1,317727950943567;1;1000;22
19,88717973340493; 1,376470745244755;1;1000;22
20,009196176649898; 1,4533218803970032;1;1000;22
20,087805199574394; 1,5122268151900635;1;1000;22
20,13935838645588; 1,574354290449242;1;1000;22
20,214780878984772; 1,6703656493820151;1;1000;22
0,10070526642875421; 0,028229489364507643;1;1000;34
0,5212251646430168; 0,15114973280259214;1;1000;34
0,8841571759174833; 0,2570103998427973;1;1000;34
1,3272988843130378; 0,3687212219622804;1;1000;34
1,7702122729595473; 0,47129925412000606;1;1000;34
2,4930464571920545;0,561827056;1;1000;34
3,375545366444765; 0,6338683982462916;1;1000;34
4,257540542803465; 0,6857604251889455;1;1000;34
5,139114228373295;0,720792821;1;1000;34
6,020646792890556; 0,7541803738621327;1;1000;34
6,901912070566102; 0,7768764534785011;1;1000;34
7,783105386; 0,7966940594148131;1;1000;34
8,664082816707175; 0,8078762443109557;1;1000;34
9,569044101; 0,8176512667880766;1;1000;34
10,48803109082927; 0,8191144756787523;1;1000;34
11,306634737893493; 0,8262080095476576;1;1000;34
12,187591607674744; 0,8365677733923556;1;1000;34
13,068414834035128;0,8415818;1;1000;34
13,949320302500663; 0,8498855116187496;1;1000;34
14,830513618334205; 0,8697031175550611;1;1000;34
15,711748055220323; 0,8911655655942625;1;1000;34
16,593342301316444; 0,9270203820337457;1;1000;34
17,475152432938568; 0,9715106195133973;1;1000;34
18,237526467364628; 1,042363563797109;1;1000;34
18,800641588043188; 1,149204282590286;1;1000;34
19,20342401136541; 1,247812566658503;1;1000;34
19,52616259247858; 1,3472048921290969;1;1000;34
19,84901425648633; 1,4511205333826362;1;1000;34
19,97120032407315; 1,5347566422093024;1;1000;34
20,054630370736373; 1,6694207789740219;1;1000;34
0,050564495626218786; 0,022598657263114497;1;1000;50
0,3028220073257373; 0,11289912524364265;1;1000;50
0,5555032438489285; 0,22014858617150512;1;1000;50
0,8584664927825543; 0,33867854351653914;1;1000;50
1,2111467876950286; 0,4458903400156311;1;1000;50
1,764248924209756; 0,5699758006045137;1;1000;50
2,2662215986666787; 0,6488827788815552;1;1000;50
2,996680403669167;0,691324104;1;1000;50
3,7944434729454777; 0,7365964635015452;1;1000;50
4,8104876265449334; 0,7861968827194361;1;1000;50
5,621578726549195; 0,8041463690281185;1;1000;50
6,582689339; 0,8181181278049467;1;1000;50
7,463707890807957; 0,8309451548039788;1;1000;50
8,344603079010348; 0,8388376554943422;1;1000;50
9,225272101423592; 0,8376835246188152;1;1000;50
10,106157009362843; 0,8451648147834572;1;1000;50
11,158795742242187; 0,8602182530574711;1;1000;50
12,028549083342863; 0,8799422596455475;1;1000;50
12,90971498514136; 0,8986633041799337;1;1000;50
13,87104981; 0,9216033687082303;1;1000;50
14,752315083359345; 0,9442994483245983;1;1000;50
15,633875061911656; 0,9787835630116732;1;1000;50
16,49167735234035; 1,023721471683662;1;1000;50
17,38195448002482; 1,086637778680581;1;1000;50
18,27344570678648; 1,1690040694038166;1;1000;50
18,781602809766394; 1,2641312228698407;1;1000;50
19,326813604044478; 1,3795896791750915;1;1000;50
19,737243528780336; 1,4897599834276507;1;1000;50
19,83309783907509; 1,6150982693740565;1;1000;50
0,09167979; 0,049535956691928895;1;1000;65
0,2599754074542595; 0,10940706698564107;1;1000;65
0,4420294441432766; 0,18585864257706142;1;1000;65
0,6762278882351076; 0,26643698993445675;1;1000;65
0,8458861549639458; 0,32743842658326283;1;1000;65
0,9874376682465034; 0,3850579307983528;1;1000;65
1,2492528399081309; 0,4494171755300318;1;1000;65
1,4670165699885906;0,513114508;1;1000;65
1,732851838552314; 0,5781507427126673;1;1000;65
2,094830184082543; 0,6458647799833641;1;1000;65
2,5364565816908105; 0,6969631706113746;1;1000;65
3,0176619923998516;0,72995322;1;1000;65
3,4987354730652243; 0,7576660684185059;1;1000;65
3,9796581765378285; 0,7793478287380924;1;1000;65
4,460656268606822; 0,8040451329129756;1;1000;65
4,941597819228527; 0,8264807791963866;1;1000;65
5,422256662613794; 0,8376081360224328;1;1000;65
5,9027647288062965; 0,8427044051378854;1;1000;65
6,3834424193406605; 0,8545856479277556;1;1000;65
6,863969332682263; 0,8604358030070323;1;1000;65
7,344477398874766; 0,8655320721224844;1;1000;65
7,824872382172696; 0,8661050254549907;1;1000;65
8,305493531259774; 0,8757246103533891;1;1000;65
8,78598275; 0,8800669935050167;1;1000;65
9,266490816495683; 0,8851632626204688;1;1000;65
9,747036576986382; 0,8917673036635696;1;1000;65
10,227412713135216; 0,8915863710322518;1;1000;65
10,708033862222297; 0,9012059559306498;1;1000;65
11,188711552756661; 0,9130871987205209;1;1000;65
11,66931385469464; 0,9219528976550939;1;1000;65
12,149991545229003; 0,9338341404449646;1;1000;65
12,630575000017895;0,941945953;1;1000;65
13,111101913359494; 0,9477961084949902;1;1000;65
13,591704215297472; 0,9566618074295636;1;1000;65
14,07240075298093; 0,9692969361832589;1;1000;65
14,553097290664393; 0,9819320649369541;1;1000;65
15,034001146987901; 1,0028599392927164;1;1000;65
15,514848461864137; 1,0215261557570057;1;1000;65
15,995978483976796; 1,0515006616786593;1;1000;65
16,477108506089447; 1,081475167600313;1;1000;65
16,958464693991257; 1,1204963050878578;1;1000;65
17,439990506234924; 1,1663024162498212;1;1000;65
17,841481899844094; 1,2132695117960743;1;1000;65
18,163033110564246; 1,265167021545738;1;1000;65
18,484725674902617; 1,3227186760240839;1;1000;65
18,806587863582852; 1,3870553041768483;1;1000;65
19,028032441881688; 1,4378596792789673;1;1000;65
19,209134697541376; 1,4762400136972613;1;1000;65
19,29079939457264; 1,5402901651837722;1;1000;65
19,332734301310364; 1,616417569810749;1;1000;65
19,33409883490489; 1,6709989135916277;1;1000;65
0,18517890465552966;0,036274868;2;1000;22
0,4595715357964405;0,089103989;2;1000;22
0,7340353268520659; 0,1373788749490199;2;1000;22
1,033647031767961; 0,1774561389164866;2;1000;22
1,3332587366838542; 0,21753340288395684;2;1000;22
1,6329131375485773; 0,2548781261263713;2;1000;22
1,932610234; 0,28949030864372993;2;1000;22
2,2323215631586244; 0,3231916442527396;2;1000;22
2,5320613559210052; 0,35507128604504246;2;1000;22
2,8318296126492726; 0,3851292340206456;2;1000;22
3,131754421189914; 0,4051678660043816;2;1000;22
3,431693461713497; 0,4242956510797633;2;1000;22
3,731732126117681; 0,43704750779668444;2;1000;22
4,031799254487751; 0,4479776706969023;2;1000;22
4,331823686908994;0,461640374;2;1000;22
4,631720031483745; 0,4835007001226135;2;1000;22
4,9318013918367605; 0,4935200161144824;2;1000;22
5,231840056240944; 0,5062718728314035;2;1000;22
5,531892953; 0,5181128826399739;2;1000;22
5,831988545; 0,5272213517234903;2;1000;22
6,132055673334101; 0,5381515146237099;2;1000;22
6,432094337738285;0,550903371;2;1000;22
6,732147234; 0,5627443811492014;2;1000;22
7,0322285944784255; 0,5727636971410686;2;1000;22
7,332338418797324; 0,5809613193162324;2;1000;22
7,632505171047995; 0,5855155538579897;2;1000;22
7,932572299418066; 0,5964457167582093;2;1000;22
8,232682123736964; 0,6046433389333732;2;1000;22
8,532749252107035; 0,6155735018335928;2;1000;22
8,832830612460047;0,625592818;2;1000;22
9,132997364710718; 0,6301470523672172;2;1000;22
9,433221044893159; 0,6310578992755698;2;1000;22
9,733302405246175; 0,6410772152674369;2;1000;22
10,033426461548014; 0,6483639905342482;2;1000;22
10,333479357935143; 0,6602050003428204;2;1000;22
10,633546486305214; 0,6711351632430382;2;1000;22
10,933570918726453; 0,6847978668683119;2;1000;22
11,233652279079468;0,694817183;2;1000;22
11,533705175466594; 0,7066581926687494;2;1000;22
11,833814999785492; 0,7148558148439133;2;1000;22
12,133896360138507; 0,7248751308357804;2;1000;22
12,43397772049152; 0,7348944468276493;2;1000;22
12,73414447274219; 0,7394486813694066;2;1000;22
13,034197369129316;0,751289691;2;1000;22
13,334364121379988; 0,7558439257197342;2;1000;22
13,63444548; 0,7658632417116014;2;1000;22
13,934555306051902; 0,7740608638867652;2;1000;22
14,23457973847314; 0,7877235675120389;2;1000;22
14,534575706928496; 0,8032079649540158;2;1000;22
14,834571675383852; 0,8186923623959927;2;1000;22
15,134567643839208; 0,8341767598379697;2;1000;22
15,434535148328674; 0,8514828510966499;2;1000;22
15,734431492903429; 0,8733431768970874;2;1000;22
16,03445592532467; 0,8870058805223611;2;1000;22
16,33432380593354; 0,9106879001395001;2;1000;22
16,63410629464475; 0,9398350012067525;2;1000;22
16,933646839645927; 0,9844664997159782;2;1000;22
17,20787722618129; 1,047679275155577;2;1000;22
17,432022418343667; 1,1138067607019018;2;1000;22
17,57595046184616; 1,1897713928584235;2;1000;22
17,72468606918679; 1,2783057123501944;2;1000;22
17,81602978211151; 1,3570028852317702;2;1000;22
17,902830646080826; 1,406188618282755;2;1000;22
17,95190963925974; 1,4676707845964856;2;1000;22
18,000945936489824; 1,531885491635272;2;1000;22
18,06025914860305; 1,5788851921062115;2;1000;22
18,073849269115307; 1,6698787982505348;2;1000;22
0,13456997331024567;0,072708744;2;1000;34
0,49866394654425505; 0,14921988475758852;2;1000;34
0,7832068279201074; 0,19294053635846353;2;1000;34
1,0827046769724582; 0,2403045755927451;2;1000;34
1,382264197950894; 0,2837216115575032;2;1000;34
1,6817715349918743; 0,3304784195195509;2;1000;34
1,9812551520612818;0,378753306;2;1000;34
2,2809949448236626; 0,41063294745448964;2;1000;34
2,580777433534873; 0,43978004852173846;2;1000;34
2,8806310821607966; 0,46437291504723177;2;1000;34
3,1805274267355514; 0,4862332408476693;2;1000;34
3,480494931225021; 0,5035393321063495;2;1000;34
3,7805478276121462; 0,5153803419149199;2;1000;34
4,080558028050447; 0,5299538924485461;2;1000;34
4,380511300556972;0,548170831;2;1000;34
4,6805072690123275; 0,5636552280575522;2;1000;34
4,980517469450625; 0,5782287785911784;2;1000;34
5,280570365837754; 0,5900697883997488;2;1000;34
5,580609030241938; 0,6028216451166699;2;1000;34
5,880690390594953;0,612840961;2;1000;34
6,180785983; 0,6219494301920534;2;1000;34
6,480910039; 0,6292362054588665;2;1000;34
6,780948703636934; 0,6419880621757894;2;1000;34
7,081044295972891;0,651096531;2;1000;34
7,381082960377075; 0,6638483879762269;2;1000;34
7,681135856764204; 0,6756893977847955;2;1000;34
7,981217217117216; 0,6857087137766644;2;1000;34
8,281298577470228; 0,6957280297685315;2;1000;34
8,581408401789126; 0,7039256519436954;2;1000;34
8,881518226108028; 0,7121232741188592;2;1000;34
9,181699210341641; 0,7157666617522658;2;1000;34
9,481780570694653; 0,7257859777441329;2;1000;34
9,781918858979438; 0,7321619061025935;2;1000;34
10,082071379247168; 0,7376269875527033;2;1000;34
10,38215273960018; 0,7476463035445704;2;1000;34
10,682276795902023; 0,7549330788113817;2;1000;34
10,982386620220922; 0,7631307009865473;2;1000;34
11,282482212556879; 0,7722391700700619;2;1000;34
11,582549340926946; 0,7831693329702816;2;1000;34
11,882602237314075;0,795010343;2;1000;34
12,182669365684145; 0,8059405056790716;2;1000;34
12,482736494054215; 0,8168706685792895;2;1000;34
12,782846318373114; 0,8250682907544533;2;1000;34
13,082927678726126; 0,8350876067463204;2;1000;34
13,383023271062083; 0,8441960758298368;2;1000;34
13,683076167449208; 0,8560370856384072;2;1000;34
13,983114831853392; 0,8687889423553301;2;1000;34
14,283167728240521; 0,8806299521638987;2;1000;34
14,583206392644705; 0,8933818088808216;2;1000;34
14,883116969202401; 0,9143312877729084;2;1000;34
15,183098705674812; 0,9307265321232361;2;1000;34
15,482995050249567; 0,9525868579236736;2;1000;34
15,782834466892549; 0,9780905713575176;2;1000;34
16,082588491637875; 1,0090593662414697;2;1000;34
16,38225712448554; 1,0454932425755334;2;1000;34
16,68181190146966; 1,0892138941764085;2;1000;34
16,98139514241967; 1,131112851960582;2;1000;34
17,255782080767403; 1,1843063114083137;2;1000;34
17,465128857065665; 1,236771093329363;2;1000;34
17,60373129255088; 1,3333208656146294;2;1000;34
17,75217087; 1,4408008008001136;2;1000;34
17,826191417932808; 1,5072926251097787;2;1000;34
17,874992887444332; 1,5865363061363666;2;1000;34
17,93209160301162; 1,6685125278880069;2;1000;34
0,10989171488709637;0,050848419;2;1000;50
0,3109001706484662; 0,10238907849829282;2;1000;50
0,5581479424527895; 0,18528942232831014;2;1000;50
0,8073556565777782; 0,2486843671495791;2;1000;50
1,0565462923232367; 0,3131723282608707;2;1000;50
1,3057540064482254; 0,37656727308213966;2;1000;50
1,5801029928414447; 0,43218965761881023;2;1000;50
1,8795818659165366; 0,48076815939755946;2;1000;50
2,179250498764203; 0,5172020357316232;2;1000;50
2,478904899628926; 0,5545467589740376;2;1000;50
2,778744316271908; 0,5800504724078817;2;1000;50
3,0786548928296043; 0,6009999512999684;2;1000;50
3,378551237404359; 0,6228602771004059;2;1000;50
3,678646829740316; 0,6319687461839205;2;1000;50
3,978628566212727; 0,6483639905342482;2;1000;50
4,278624534668083; 0,6638483879762269;2;1000;50
4,578691663038153; 0,6747785508764448;2;1000;50
4,878659167527623;0,692084642;2;1000;50
5,178669368; 0,7066581926687494;2;1000;50
5,478651104438331; 0,7230534370190771;2;1000;50
5,778628096916432; 0,7397522970055235;2;1000;50
6,078671505314933; 0,7522005380863277;2;1000;50
6,378710169719117; 0,7649523948032506;2;1000;50
6,678834226; 0,7722391700700619;2;1000;50
6,978944050339859; 0,7804367922452276;2;1000;50
7,279068106641699; 0,7877235675120389;2;1000;50
7,579121003028828; 0,7995645773206093;2;1000;50
7,879259291313613; 0,8059405056790716;2;1000;50
8,179369115632511; 0,8141381278542354;2;1000;50
8,479393548053753; 0,8278008314795091;2;1000;50
8,779446444440879; 0,8396418412880777;2;1000;50
9,079542036776836; 0,8487503103715941;2;1000;50
9,379666093078676; 0,8560370856384072;2;1000;50
9,679733221448746; 0,8669672485386251;2;1000;50
9,979843045767645; 0,8751648707137889;2;1000;50
10,27998133405243; 0,8815407990722512;2;1000;50
10,580190782251933; 0,8833624928889545;2;1000;50
10,880300606570831; 0,8915601150641184;2;1000;50
11,180296575026187; 0,9070445125060953;2;1000;50
11,480321007447426;0,920707216;2;1000;50
11,78030274391984; 0,9371024604816967;2;1000;50
12,080327176341079; 0,9507651641069703;2;1000;50
12,380380072728208; 0,9626061739155407;2;1000;50
12,680390273166505; 0,9771797244491651;2;1000;50
12,980471633519517; 0,9871990404410322;2;1000;50
13,280548249878215;0,997521972;2;1000;50
13,58046357043023; 1,0181678353249861;2;1000;50
13,880473770868527; 1,0327413858586123;2;1000;50
14,180483971306824; 1,0473149363922367;2;1000;50
14,480508403728066; 1,0609776400175104;2;1000;50
14,780490140200477; 1,077372884367838;2;1000;50
15,080457644689947; 1,0946789756265183;2;1000;50
15,380510541077072; 1,1065199854350887;2;1000;50
15,680435349617714; 1,126558617418823;2;1000;50
15,980331694192468; 1,1484189432192604;2;1000;50
16,280156878852505; 1,174833503561457;2;1000;50
16,579868207649003; 1,208534839170465;2;1000;50
16,879328104746836; 1,2583278034936836;2;1000;50
17,153465508993637; 1,3274914454011792;2;1000;50
17,32751696759327; 1,3970801491992386;2;1000;50
17,476056173569287; 1,498184156026264;2;1000;50
17,549820541162823; 1,5810712246862568;2;1000;50
17,568623837027104;1,658675381;2;1000;50
0,15891804972912027; 0,11570071853025254;2;1000;65
0,3278903982560539; 0,19009869400440849;2;1000;65
0,43177647310877454; 0,2667191359349417;2;1000;65
0,6199936342736923; 0,3447136554872188;2;1000;65
0,7794709323975724; 0,43203784980075177;2;1000;65
1,0036061621718897; 0,49880292818292205;2;1000;65
1,277754003; 0,5672986156909587;2;1000;65
1,5770953004461585; 0,6246819709171092;2;1000;65
1,8765267335781086; 0,6762966290570294;2;1000;65
2,1760056066532005; 0,7248751308357804;2;1000;65
2,475788095364411;0,754022232;2;1000;65
2,775641743990338; 0,7786150984285243;2;1000;65
3,075509624599203; 0,8022971180456651;2;1000;65
3,3754628971057308;0,820514056;2;1000;65
3,6754588655610867;0,835998454;2;1000;65
3,9755402259140986; 0,8460177696465401;2;1000;65
4,275507730403568; 0,8633238609052203;2;1000;65
4,575489466875979;0,879719105;2;1000;65
4,875537619268794; 0,8918637307002353;2;1000;65
5,175481403786691; 0,9106879001395001;2;1000;65
5,475548532156761; 0,9216180630397197;2;1000;65
5,775572965; 0,9352807666649934;2;1000;65
6,075540469067473; 0,9525868579236736;2;1000;65
6,375678757352258; 0,9589627862821342;2;1000;65
6,675688957790555; 0,9735363368157586;2;1000;65
6,975841478058285; 0,9790014182658684;2;1000;65
7,276065158; 0,9799122651742209;2;1000;65
7,576103822644914; 0,9926641218911421;2;1000;65
7,876299038861468; 0,9953966626161961;2;1000;65
8,176437327146253; 1,0017725909746584;2;1000;65
8,476504455516324; 1,0127027538748763;2;1000;65
8,776590559863653; 1,0224184542306265;2;1000;65
9,076709872171179; 1,0300088451335565;2;1000;65
9,376876624; 1,0345630796753156;2;1000;65
9,677029144689577; 1,0400281611254236;2;1000;65
9,977138969008479; 1,0482257833005875;2;1000;65
10,277305721259147; 1,0527800178423465;2;1000;65
10,577486705492763; 1,056423405475753;2;1000;65
10,877596529811662; 1,064621027650917;2;1000;65
11,177692122147619; 1,0737294967344333;2;1000;65
11,477745018534744; 1,085570506543002;2;1000;65
11,777897538802474; 1,0910355879931117;2;1000;65
12,077978899155486; 1,1010549039849788;2;1000;65
12,378074491491443; 1,1101633730684952;2;1000;65
12,678127387878568; 1,1220043828770656;2;1000;65
12,978180284265697; 1,133845392685636;2;1000;65
13,278347036516365; 1,1383996272273933;2;1000;65
13,578300309022893; 1,1566165653944243;2;1000;65
13,878367437392964; 1,167546728294644;2;1000;65
14,17846302972892; 1,1766551973781603;2;1000;65
14,478629781979588; 1,1812094319199176;2;1000;65
14,778725374315545; 1,190317901003434;2;1000;65
15,078820966651502; 1,1994263700869485;2;1000;65
15,378945022953346; 1,2067131453537616;2;1000;65
15,678912527442812; 1,2240192366124418;2;1000;65
15,978766176068739; 1,2486121031379334;2;1000;65
16,278335185035804; 1,2914219078304576;2;1000;65
16,552562725174575; 1,3548168526517266;2;1000;65
16,77675345968237; 1,4180296280913254;2;1000;65
16,96080772517366; 1,4879462367763914;2;1000;65
17,059517343190354; 1,575606143236147;2;1000;65
17,07316296843609; 1,663047446437897;2;1000;65
0,083985909;0,043273215;3;1000;22
0,32624136702307993; 0,12230128689550668;3;1000;22
0,520840014; 0,19225267324970474;3;1000;22
0,7154386605708041; 0,26479739846045547;3;1000;22
0,8989173846718685; 0,33074482679218864;3;1000;22
1,1602355674824878; 0,4032659761951525;3;1000;22
1,4938332476662453; 0,4569009389102092;3;1000;22
1,8274309278500098; 0,49167525539579593;3;1000;22
2,1610286080337744; 0,5273926041928565;3;1000;22
2,494626288217532; 0,5499075006292866;3;1000;22
2,8282239684012964; 0,5724223970657167;3;1000;22
3,161821648585061; 0,5902221319447802;3;1000;22
3,4954193287688184; 0,6127370283812104;3;1000;22
3,829017009;0,628650699;3;1000;22
4,162614689136348; 0,6521086273852301;3;1000;22
4,496212369320105;0,675566556;3;1000;22
4,829810049503877; 0,6943093233236715;3;1000;22
5,163407729687634; 0,7121090582027341;3;1000;22
5,497005409871392; 0,7299087930817976;3;1000;22
5,830603090055163; 0,7382782048461252;3;1000;22
6,164200770238921; 0,7589070366596085;3;1000;22
6,497798450422678; 0,7710485776698297;3;1000;22
6,831396131;0,782247086;3;1000;22
7,164993810790207; 0,7991037889361676;3;1000;22
7,498591490973979; 0,8084162330119682;3;1000;22
7,8321891711577365; 0,8158426124648228;3;1000;22
8,165786851341494; 0,8298702180979918;3;1000;22
8,499384531525266; 0,8391826621737923;3;1000;22
8,832982211709023; 0,8456660093151731;3;1000;22
9,166579892; 0,8530923887680277;3;1000;22
9,500177572076552;0,86523393;3;1000;22
9,833775252; 0,8736033415425766;3;1000;22
10,167372932444067; 0,8791436563724835;3;1000;22
10,500970612627839; 0,8856270035138643;3;1000;22
10,834568292811596; 0,8958824799011387;3;1000;22
11,168165972995354; 0,9089670532228338;3;1000;22
11,501763653179125; 0,9154504003642145;3;1000;22
11,835361333362883; 0,9219337475055944;3;1000;22
12,16895901354664; 0,9284170946469752;3;1000;22
12,502556693730412; 0,9367865064113037;3;1000;22
12,83615437391417; 0,9470419827985781;3;1000;22
13,169752054097927; 0,9563544268743787;3;1000;22
13,503349734281699; 0,9741541617534413;3;1000;22
13,836947414465456; 0,9910108643210318;3;1000;22
14,170545094649228; 1,0050384699541999;3;1000;22
14,504142774832985; 1,0228382048332625;3;1000;22
14,837740455016743; 1,0396949074008521;3;1000;22
15,171338135200514; 1,0669249653946506;3;1000;22
15,504935815384272; 1,1045283788146572;3;1000;22
15,83853349556803; 1,1506190830379266;3;1000;22
16,17213118; 1,1919946257038276;3;1000;22
16,485871851162713; 1,2442894160119549;3;1000;22
16,69238470080029; 1,3290893513061848;3;1000;22
16,85785974057397; 1,4218522027900051;3;1000;22
17,01168533754759; 1,5211934530846958;3;1000;22
17,033925182893185; 1,6660353575244349;3;1000;22
17,033925182893185; 1,5981370310983403;3;1000;22
0,076043107; 0,10470784033457914;3;1000;34
0,2984415603410966; 0,2177931316854469;3;1000;34
0,48611111111110716; 0,2895931488025125;3;1000;34
0,6876388538888207;0,357695904;3;1000;34
0,993436727; 0,4221855619440893;3;1000;34
1,3270344075743665; 0,48996600933124945;3;1000;34
1,660632087758131; 0,5351136812430459;3;1000;34
1,9942297679418886; 0,5661158684827372;3;1000;34
2,327827448125653;0,59051683;3;1000;34
2,6614251283094177; 0,6168038552244406;3;1000;34
2,9950228084931823; 0,6355466224149771;3;1000;34
3,328620488676947; 0,6590045511628801;3;1000;34
3,6622181688607043;0,683405512;3;1000;34
3,9958158490444617; 0,7040343440357422;3;1000;34
4,329413529228233; 0,7221484230186288;3;1000;34
4,663011209411991; 0,7386907814823944;3;1000;34
4,996608889595748; 0,7574335486729309;3;1000;34
5,33020657; 0,7733472189290467;3;1000;34
5,6638042499632775; 0,7883178568736886;3;1000;34
5,997401930147035;0,808003656;3;1000;34
6,330999610330807; 0,8192021650744472;3;1000;34
6,664597290514564; 0,8370018999535098;3;1000;34
6,9981949706983215; 0,8529155702096256;3;1000;34
7,331792650882093; 0,8660001435313216;3;1000;34
7,665390331065851; 0,8800277491644897;3;1000;34
7,998988011249622; 0,8921692901747109;3;1000;34
8,332585691; 0,9061968958078799;3;1000;34
8,666183371617137; 0,9183384368181029;3;1000;34
8,999781051800909;0,932366042;3;1000;34
9,333378731984666; 0,9379063572811779;3;1000;34
9,666976412168424; 0,9443897044225587;3;1000;34
10,000574092352196; 0,9499300192524656;3;1000;34
10,334171772535953; 0,9630145925741607;3;1000;34
10,66776945271971; 0,9760991658958558;3;1000;34
11,001367132903482; 0,9863546422831311;3;1000;34
11,33496481308724;0,991894957;3;1000;34
11,668562493270997; 1,0002643688773647;3;1000;34
12,002160173454769; 1,0020325544613788;3;1000;34
12,335757853638526; 1,0113449985371794;3;1000;34
12,669355533822284; 1,0165709692632614;3;1000;34
13,002953214006055; 1,0290268543773076;3;1000;34
13,336550894189813; 1,0449405246334242;3;1000;34
13,670148574373584; 1,0627402595124869;3;1000;34
14,003746254557342; 1,093742446752179;3;1000;34
14,33734393; 1,134174957106607;3;1000;34
14,670941614924871;1,186866888;3;1000;34
14,99527269; 1,2461633185118366;3;1000;34
15,199137941882483; 1,3249287825605647;3;1000;34
15,310337168610403; 1,3995776486162903;3;1000;34
15,477136008702288; 1,4751499004770001;3;1000;34
15,532735622066255; 1,5774492597653897;3;1000;34
15,560535428748238; 1,6778723776840767;3;1000;34
0,069444444;0,070659109;3;1000;50
0,17361111111110716; 0,1483608166470356;3;1000;50
0,34722222222222143; 0,24017226148409954;3;1000;50
0,5764396271609016; 0,33274484115277314;3;1000;50
0,7432384672527803; 0,3958690665020317;3;1000;50
1,0212365340725853; 0,48347283893662496;3;1000;50
1,3270344075743665; 0,5427758187737677;3;1000;50
1,660632087758131; 0,5888665229970371;3;1000;50
1,9942297679418886;0,63212813;3;1000;50
2,327827448125653; 0,6782188345091535;3;1000;50
2,6614251283094177; 0,7205374094865293;3;1000;50
2,9950228084931823;0,756254758;3;1000;50
3,328620488676947; 0,7749975254741246;3;1000;50
3,6622181688607043; 0,7871390664843467;3;1000;50
3,9958158490444617; 0,8039957690519373;3;1000;50
4,329413529228233; 0,8199094393080522;3;1000;50
4,663011209411991; 0,8377091741871148;3;1000;50
4,996608889595748; 0,8517367798202846;3;1000;50
5,33020657; 0,8704795470108202;3;1000;50
5,6638042499632775;0,885450185;3;1000;50
5,997401930147035; 0,9041929521459986;3;1000;50
6,330999610330807; 0,9191635900906423;3;1000;50
6,664597290514564; 0,9341342280352842;3;1000;50
6,9981949706983215;0,951933963;3;1000;50
7,331792650882093; 0,9706767301048833;3;1000;50
7,665390331065851; 0,9894194972954198;3;1000;50
7,998988011249622; 1,000618005994168;3;1000;50
8,332585691; 1,0174747085617568;3;1000;50
8,666183371617137; 1,0239580557031385;3;1000;50
8,999781051800909; 1,0304414028445184;3;1000;50
9,333378731984666; 1,0444690084776864;3;1000;50
9,666976412168424; 1,060382678733803;3;1000;50
10,000574092352196; 1,0687520904981307;3;1000;50
10,334171772535953; 1,0771215022624583;3;1000;50
10,66776945271971; 1,0911491078956264;3;1000;50
11,001367132903482; 1,0985754873484819;3;1000;50
11,33496481308724; 1,1144891576045968;3;1000;50
11,668562493270997; 1,1322888924836594;3;1000;50
12,002160173454769; 1,1510316596741967;3;1000;50
12,335757853638526; 1,1688313945532594;3;1000;50
12,669355533822284; 1,1790868709405338;3;1000;50
13,002953214006055; 1,1987726704425432;3;1000;50
13,336550894189813; 1,2109142114527662;3;1000;50
13,670148574373584; 1,2306000109547757;3;1000;50
14,003746254557342; 1,2483997458338383;3;1000;50
14,33734393; 1,2897752884997402;3;1000;50
14,615342001560904; 1,3556893177704419;3;1000;50
14,865540261698726; 1,4257625124648716;3;1000;50
15,02307249956327; 1,4979431224220257;3;1000;50
15,060138908472581; 1,584688997406598;3;1000;50
15,087938715154564; 1,662950856005657;3;1000;50
0,10384291356723452; 0,17825453737626962;3;1000;65
0,242841947; 0,2560055868066131;3;1000;65
0,35404117370505617; 0,32952281408857154;3;1000;65
0,49304020711495866; 0,41081023468694067;3;1000;65
0,6320392405248612;0,479838235;3;1000;65
0,7710382739347637;0,548064658;3;1000;65
1,0490363407545615; 0,6192596685355687;3;1000;65
1,382634020938326; 0,6776097928079947;3;1000;65
1,7162317011220907; 0,7180423031624219;3;1000;65
2,0498293813058552; 0,7613039104512698;3;1000;65
2,3834270614896127; 0,7951351946253835;3;1000;65
2,7170247416733773; 0,8308525434224432;3;1000;65
3,050622421857142; 0,8599686660391885;3;1000;65
3,3842201020408993; 0,8900278209674068;3;1000;65
3,717817782224671; 0,9314033636333088;3;1000;65
4,051415462408428; 0,9576903893156334;3;1000;65
4,385013142592186; 0,9783192211291167;3;1000;65
4,718610822775958; 0,9914037944508127;3;1000;65
5,052208502959715; 0,9997732062151394;3;1000;65
5,3858061831434725; 1,0213450703400966;3;1000;65
5,719403863327244; 1,0372587405962124;3;1000;65
6,053001543511002; 1,0560015077867497;3;1000;65
6,386599223694759; 1,068143048796971;3;1000;65
6,720196903878531; 1,0887718806104543;3;1000;65
7,053794584062288;1,104685551;3;1000;65
7,387392264246046; 1,1205992211226858;3;1000;65
7,720989944429817; 1,132740762132907;3;1000;65
8,054587624613575; 1,1448823031431292;3;1000;65
8,388185304797332; 1,160795973399245;3;1000;65
8,721782984981104; 1,1691653851635726;3;1000;65
9,055380665164861; 1,1756487323049534;3;1000;65
9,388978345348633; 1,1793029825119135;3;1000;65
9,722576026; 1,187672394276241;3;1000;65
10,056173705716148;1,2017;3;1000;65
10,38977138589992; 1,2100694116737367;3;1000;65
10,723369066083677; 1,2184388234380652;3;1000;65
11,056966746267435; 1,223979138267972;3;1000;65
11,390564426451206; 1,2323485500322997;3;1000;65
11,724162106634964; 1,2416609941081012;3;1000;65
12,057759786818721; 1,248144341249482;3;1000;65
12,391357467002493; 1,2555707207023348;3;1000;65
12,72495514718625; 1,276199552515819;3;1000;65
13,058552827370008; 1,3100308366899318;3;1000;65
13,39215050755378; 1,3608367024705688;3;1000;65
13,697948381055554; 1,4193852564585323;3;1000;65
13,942586679856987; 1,478144028065929;3;1000;65
14,059345867921294;1,53411889;3;1000;65
14,087145674603278; 1,6670766223683535;3;1000;65
14,101045577944276; 1,5850278996435336;3;1000;65
0,13168351008734192;0,067135101;4;1000;22
0,34002487242310764; 0,1420648891940175;4;1000;22
0,5743421289731785; 0,22042450762353916;4;1000;22
0,8087050744184978; 0,30284586884070386;4;1000;22
1,0170288641022438; 0,3762134482847035;4;1000;22
1,225405371742049; 0,45426765402213753;4;1000;22
1,4336764434697358; 0,5229486071727045;4;1000;22
1,6939098472172418; 0,5994265460240431;4;1000;22
2,005789275248219; 0,6555817128155574;4;1000;22
2,3173289653401525; 0,6815341768271654;4;1000;22
2,6288686554321004; 0,7074866408387717;4;1000;22
2,9403380549159692; 0,7271902697924695;4;1000;22
3,2517723090957986; 0,7437694812172087;4;1000;22
3,5631011273635025; 0,7509754400550825;4;1000;22
3,8745236664419878;0,766513179;4;1000;22
4,185934490419129; 0,7810094453756076;4;1000;22
4,497239878484152; 0,7861324591941745;4;1000;22
4,808615557157253; 0,7975043080706552;4;1000;22
5,120014666033036; 0,8109591019664393;4;1000;22
5,431320054098059; 0,8160821157850098;4;1000;22
5,742637157264433; 0,8222466021132284;4;1000;22
6,054001120836183; 0,8325769784800592;4;1000;22
6,365294793799855; 0,8366585197889762;4;1000;22
6,676623612067573; 0,8438644786268483;4;1000;22
6,987952430335291; 0,8510704374647204;4;1000;22
7,299269533501658; 0,8572349237929426;4;1000;22
7,610645212174752; 0,8686067726694215;4;1000;22
7,9219037398343986; 0,8695638964493835;4;1000;22
8,233255988; 0,8788528003065608;4;1000;22
8,544549661268476; 0,8829343416154778;4;1000;22
8,855855049333499; 0,8880573554340465;4;1000;22
9,167101861891794; 0,8879730067043567;4;1000;22
9,478418965058168; 0,8941374930325772;4;1000;22
9,789759498;0,902384924;4;1000;22
10,101053171390902;0,906466466;4;1000;22
10,412311699050548; 0,9074235894689799;4;1000;22
10,72368737772365; 0,9187954383454606;4;1000;22
11,035027911092698; 0,9270428696929844;4;1000;22
11,346391874664448; 0,9373732460598134;4;1000;22
11,65773240803351;0,945620677;4;1000;22
11,96909637160526; 0,9559510537741662;4;1000;22
12,280518910683753; 0,9714887926892555;4;1000;22
12,591871159154152;0,980777697;4;1000;22
12,903293698232645; 0,9963154354615202;4;1000;22
13,21480995812189; 1,020184954453823;4;1000;22
13,526279357605759; 1,039888583407519;4;1000;22
13,837971344015187; 1,079380190044601;4;1000;22
14,149839056944813; 1,1344938843264636;4;1000;22
14,410113463547034; 1,2146169769615867;4;1000;22
14,61847239853482; 1,2911089739345414;4;1000;22
14,748914194470927; 1,3582488055030524;4;1000;22
14,926222253341365; 1,4413105141597846;4;1000;22
15,010149239383495; 1,5237726439296324;4;1000;22
15,073621658475673; 1,6324855041913562;4;1000;22
0,054451704; 0,11870907739573333;4;1000;34
0,27593741051028076; 0,20925743871858593;4;1000;34
0,5231986825374477; 0,2854264503474333;4;1000;34
0,757551084; 0,36691048630591183;4;1000;34
1,0024142751732157; 0,4604727917520304;4;1000;34
1,1796567294761076; 0,5377022543547092;4;1000;34
1,4089418813940568; 0,6298732040743786;4;1000;34
1,6951399328585666; 0,7087811595374962;4;1000;34
2,0069373551801206; 0,7576460187614451;4;1000;34
2,3184887603733983; 0,7846399552827048;4;1000;34
2,6299933051613067; 0,8074680017653577;4;1000;34
2,9414509895438243;0,826130158;4;1000;34
3,2528735286223096; 0,8416678971244895;4;1000;34
3,5642140619913647; 0,8499153284720151;4;1000;34
3,8755780255631223; 0,8602457048388423;4;1000;34
4,186906844; 0,8674516636767162;4;1000;34
4,498270807402591; 0,8777820400435452;4;1000;34
4,809623055872997; 0,8870709439007225;4;1000;34
5,121022164748787; 0,9005257377965048;4;1000;34
5,432421273624577; 0,9139805316922907;4;1000;34
5,743808667399023; 0,9263938530784213;4;1000;34
6,055219491376157; 0,9408901194838588;4;1000;34
6,366595170049251; 0,9522619683603395;4;1000;34
6,677959133621009; 0,9625923447271667;4;1000;34
6,989358242496799; 0,9760471386229508;4;1000;34
7,300651915460477; 0,9801286799318696;4;1000;34
7,612027594133572; 0,9915005288083485;4;1000;34
7,923368127502641; 0,9997479601558741;4;1000;34
8,234720376; 1,0090368640130496;4;1000;34
8,546060909342103; 1,017284295360577;4;1000;34
8,857366297407125; 1,022407309179144;4;1000;34
9,168677543022824; 1,0280510592525385;4;1000;34
9,468909649937089; 1,0369710210966154;4;1000;34
9,800084407746752; 1,0516603077432727;4;1000;34
10,09423498240757; 1,0689385202149886;4;1000;34
10,414127539759164; 1,0688518284650286;4;1000;34
10,725503218432266; 1,0802236773415075;4;1000;34
11,036878897105353;1,091595526;4;1000;34
11,348196000271713; 1,0977600125462104;4;1000;34
11,659489673235399; 1,1018415538551274;4;1000;34
11,970923927415228; 1,1184207652798666;4;1000;34
12,282487047709864; 1,146456174310778;4;1000;34
12,594108743511228; 1,1796989458899478;4;1000;34
12,905929596035477; 1,2306467501332037;4;1000;34
13,172480368183756; 1,2922819484568002;4;1000;34
13,327856000069431; 1,3855039887843272;4;1000;34
13,505315183747229; 1,4820006928155678;4;1000;34
13,55808585775992; 1,561659281682326;4;1000;34
13,596072910667004; 1,6446694773648538;4;1000;34
0,13608013608014602; 0,10294413520220047;4;1000;50
0,31721547850580123; 0,20587607684381837;4;1000;50
0,5884612336225246; 0,31962370672048124;4;1000;50
0,7920327275165988; 0,41712951390370634;4;1000;50
0,9408514176004275; 0,5215199505635688;4;1000;50
1,1232906908603724;0,599581185;4;1000;50
1,3315969078921057; 0,6713865560413321;4;1000;50
1,5918478842916244; 0,7494267036571518;4;1000;50
1,9038171280995826; 0,8135664930226643;4;1000;50
2,2155247346441485; 0,8544467296726133;4;1000;50
2,526970703925329; 0,8720674136070077;4;1000;50
2,8384869638145673; 0,8959369325993105;4;1000;50
3,149932933095748; 0,9135576165337014;4;1000;50
3,461355472174226; 0,9290953554487889;4;1000;50
3,7727780112527114; 0,9446330943638781;4;1000;50
4,084177120128501; 0,9580878882596622;4;1000;50
4,395623089409675; 0,9757085721940548;4;1000;50
4,707010483184121; 0,9881218935801872;4;1000;50
5,018444737; 1,0047011050049282;4;1000;50
5,329867276442428; 1,0202388439200156;4;1000;50
5,641242955115523; 1,0316106927964963;4;1000;50
5,952548343180553; 1,036733706615065;4;1000;50
6,264017742664414; 1,056437335568761;4;1000;50
6,575416851540211; 1,0698921294645451;4;1000;50
6,886698809402532; 1,0729321982638105;4;1000;50
7,1980041974675615; 1,078055212082381;4;1000;50
7,509368161039312; 1,0883855884492082;4;1000;50
7,820743839712414; 1,0997574373256889;4;1000;50
8,132072657980117; 1,106963396163561;4;1000;50
8,443342900741115; 1,1089619924531746;4;1000;50
8,754683434110177; 1,1172094238007002;4;1000;50
9,066023967; 1,1254568551482258;4;1000;50
9,377376215949639; 1,1347457590054013;4;1000;50
9,688705034217364; 1,1419517178432752;4;1000;50
10,000104143093154; 1,1554065117390575;4;1000;50
10,311608687881048; 1,1782345582217104;4;1000;50
10,623148377972981; 1,2041870222333166;4;1000;50
10,934828649281073; 1,2426371563607486;4;1000;50
11,246602641399946; 1,2894190705653923;4;1000;50
11,532647927942904; 1,3547462245026516;4;1000;50
11,792821584673547; 1,425912653554768;4;1000;50
12,021912734513208; 1,5008368185145997;4;1000;50
12,10604590633902; 1,6016288644543195;4;1000;50
12,106865963433236; 1,6745319401299543;4;1000;50
0,10667762626448507; 0,14993919456367522;4;1000;65
0,26353111818495023; 0,25925163371228166;4;1000;65
0,44605825470499383; 0,3451239123329124;4;1000;65
0,550594447; 0,41508274873829265;4;1000;65
0,6813080333221961; 0,5063847425307273;4;1000;65
0,8380584323508202; 0,6065322235943977;4;1000;65
0,9843542749383474; 0,6996005032167574;4;1000;65
1,1304954781881094; 0,7789213457117103;4;1000;65
1,359727209243914;0,866343181;4;1000;65
1,6459326021719392; 0,9459037923565337;4;1000;65
1,9577807899326487; 0,9992816991223066;4;1000;65
2,2693087649232453; 1,0241926906242629;4;1000;65
2,580680538562568; 1,0352173819975246;4;1000;65
2,892083552472137; 1,0490193333965276;4;1000;65
3,2034514210776663; 1,0596968672665739;4;1000;65
3,5148700551223726; 1,0748874486784459;4;1000;65
3,8260934374779723; 1,0727201549294492;4;1000;65
4,137457401; 1,0830505312962782;4;1000;65
4,448704213608018; 1,0829661825665866;4;1000;65
4,759951026166313; 1,0828818338368968;4;1000;65
5,071197838724608; 1,082797485107207;4;1000;65
5,382444651282903; 1,0827131363775155;4;1000;65
5,693777375; 1,090266252718605;4;1000;65
6,005125718; 1,0992079990725667;4;1000;65
6,316431106086043; 1,1043310128911354;4;1000;65
6,5499013608088035; 1,1073921688728223;4;1000;65
6,963864383219217; 1,0929637058669304;4;1000;65
7,3238182915602295; 1,092866157382284;4;1000;65
7,571286603544664; 1,0927990927990905;4;1000;65
7,953798598959892; 1,0981154852122579;4;1000;65
8,426177135854573; 1,0925674151480589;4;1000;65
8,831186250541094; 1,0978777107809332;4;1000;65
9,236256333030525; 1,1086080440919126;4;1000;65
9,663823534791277; 1,1193322806226007;4;1000;65
10,00152419507259; 1,1409209796306534;4;1000;65
10,294230616811262; 1,1625218721992887;4;1000;65
10,649727599906612; 1,2612526867014342;4;1000;65
10,785444705978762; 1,336202156280173;4;1000;65
10,931635112654192; 1,4198971833156655;4;1000;65
11,041699661309195; 1,5201614639397558;4;1000;65
11,068626821752787; 1,6081588619445348;4;1000;65
11,121274487201333; 1,676881989459945;4;1000;65
